https://i.imgur.com/EIROWUH.jpg, Be afraid.. be very afraid!, dog, funny
https://i.imgur.com/1ssAvOF.jpg, Hey you! Come here and rub my belly, dog, 
https://i.imgur.com/SYxSn67.jpg, Too much tequila , dog, 
https://i.imgur.com/79KfVLh.jpg, Happy Boy., dog, funny
https://i.imgur.com/Npvc3q3.jpg, Pizza Party!, dog, funny
https://i.imgur.com/dd1L3vo.jpg, My anxiety has been reving up so I decided to go to the dog park. Wasn't disappointed., dog, 
https://i.imgur.com/WbSRuMF.jpg, Fluffy boi, dog, aww
https://i.imgur.com/DnBm6C1.jpg, A Happy Schnauzer In the Wild, dog, 
https://i.imgur.com/Y26bFRt.jpg, Nice to spot to roll around, dog, 
https://i.imgur.com/XNybY5q.jpg, Still Life with Dogs, dog, creativity
https://i.imgur.com/zPKuI9c.jpg, when you forget to do your homework and it's already 9pm, dog, 
https://i.imgur.com/xJJwfc6.jpg, Pups Puppertins Mcgruff, dog, awesome
https://i.imgur.com/lngtazS.jpg, I miss doggos, dog, funny
https://i.imgur.com/WiBIMQ9.jpg, Cupid doesn’t get along with Thor..., dog, 
https://i.imgur.com/9PF8F5x.jpg, Puppy looks into your soul, dog, 
https://i.imgur.com/OhRsxqx.jpg, hdhdakfjejjs, dog, 
https://i.imgur.com/dfLFLc1.jpg, No wonder I'm single..., dog, funny
http://i.imgur.com/NaQEU6Ch.gif, 'Have you finished with that?', dog, funny
https://i.imgur.com/RmsYFeV.jpg, Ignoramuses, dog, funny
http://i.imgur.com/jP2NvVth.gif, Dog tries a high five, dog, 
https://i.imgur.com/xU5edrI.jpg, Chris Cornell of Soundgarden and his dog Bill, dog, 
https://i.imgur.com/pXPLNoh.jpg, Is nice doggo, dog, aww
https://i.imgur.com/OYIRwFZ.jpg, Our three legged pup Pi, dog, 
https://i.imgur.com/ixfqaHx.jpg, MFW people ask how finals are going., dog, aww
https://i.imgur.com/OmHDAQs.jpg, I know you like it :), dog, funny
https://i.imgur.com/kxrtudu.jpg, Helpful for new dog owners, dog, 
https://i.imgur.com/Yf1x9XQ.jpg, Bad few days, dog, 
https://i.imgur.com/YJ2b8vv.jpg, TIL these exist.  They're called raccoon dogs, dog, 
https://i.imgur.com/V7Gt8LK.jpg, Wow amazing doggo. Love the little booties on him., dog, 
http://i.imgur.com/w3awyO5h.gif, Friends show trapped dog how to escape., dog, funny
https://i.imgur.com/apYnIWC.jpg, Albino Doberman pinscher., dog, 
https://i.imgur.com/IRoWmR4.jpg, Cinco de puggo, dog, 
https://i.imgur.com/ufuZlBr.jpg, New Toy Box!, dog, aww
https://i.imgur.com/ekyZ7vc.jpg, Imgur.. meet Captain! , dog, aww
https://i.imgur.com/ZC13Ks2.jpg, It’s This Good Boy’s First Birthday Today!, dog, 
https://i.imgur.com/jp3xNeE.jpg, Happiness is:, dog, 
https://i.imgur.com/JFiUxDk.jpg, Oh....Just watch her innocent look...So Sweet.., dog, 
https://i.imgur.com/FsGqUZS.jpg, NOPE NOPE, dog, aww
https://i.imgur.com/kQbGhvt.jpg, What do you think of this photo? Need reviews., dog, 
https://i.imgur.com/S22rOqr.jpg, This is what I see every time I come out from my bedroom in the morning., dog, 
https://i.imgur.com/MDX8DY7.jpg, Hello! I'm Ringo! I was just adopted!, dog, 
https://i.imgur.com/AktpMT7.jpg, Diesel , dog, 
https://i.imgur.com/AAgid5H.jpg, (*´∀`)♪, dog, 
https://i.imgur.com/566gQ8U.jpg, It's been almost 4 months since this little angel came into my life and we could not be happier together. :), dog, 
https://i.imgur.com/6cpZy3N.jpg, Women Crush Wednesday ????, dog, aww
https://i.imgur.com/WolF7Py.jpg, Eve - our boston, dog, 
https://i.imgur.com/v48wuuZ.jpg, Thinking at night, dog, 
https://i.imgur.com/wJNvsAr.jpg, Life of Pi, dog, funny
https://i.imgur.com/GQ0s7GI.jpg, Double Kill, dog, aww
https://i.imgur.com/9IyOZCg.jpg, Vanishing Veggies, dog, funny
https://i.imgur.com/Bo22pxZ.jpg, 2 Labs.. 1 Weim, dog, aww
https://i.imgur.com/WIRC9qz.jpg, Somebody wasn’t a fan of the car wash today., dog, aww
https://i.imgur.com/zqDjVf8.jpg, Snoop got In-n-Out for the first time, dog, 
https://i.imgur.com/cjAXqAo.gif, The goodest boy gets the bestest treats, dog, awesome
https://i.imgur.com/D6EnPBc.jpg, The one eared wonder, dog, 
https://i.imgur.com/KrRrQzX.jpg, Heck’n Fro, dog, 
http://i.imgur.com/mvikVYhh.gif, Newf plays hide-and-seek. He's not very good., dog, aww
https://i.imgur.com/juqkZDr.jpg, Some gifs for a better day, dog, aww
https://i.imgur.com/IfjC1LK.jpg, Nothing.. just my dog.. rescued.. smiling and happy as fuck, dog, aww
https://i.imgur.com/KVx0is2.jpg, Monorail Cat, dog, 
