https://i.imgur.com/U8RLbgH.jpg, When you don't have to bother with those pesky copyright laws..., funny, 
https://i.imgur.com/E0wp0lk.jpg, On, funny, awesome
https://i.imgur.com/6PMRNID.mp4, Saving face., funny, reaction
https://i.imgur.com/MwLDqWo.jpg, I heard male breasts were acceptable , funny, 
https://i.imgur.com/0izyaxr.jpg, Phone clearing dump Part 1, funny, 
https://i.imgur.com/7vhnJrs.jpg, An easy answer, funny, 
https://i.imgur.com/CYeR50f.jpg, Curb your enthusiasm, funny, inspiring
https://i.imgur.com/nbhmaxm.jpg, Worst feeling ever!, funny, 
https://i.imgur.com/owXWMWG.jpg, This is my favorite picture of Gus, funny, aww
https://i.imgur.com/wZZSTCw.jpg, Smelly cat dump, funny, awesome
https://i.imgur.com/m9TCI4S.jpg, A Healthy Dose of Ha Ha’s, funny, 
https://i.imgur.com/fkAIUWo.jpg, Am...am I next?, funny, 
https://i.imgur.com/mFhKyzh.jpg, So true, funny, awesome
https://i.imgur.com/eGrEIpi.jpg, I believe I can fly I believe I can touch the sky, funny, 
https://i.imgur.com/bfRisf1.jpg, Hide ur girlfriends, funny, 
https://i.imgur.com/xyYNGo1.jpg, Take them off I rather be blind , funny, 
https://i.imgur.com/t10qT8Q.jpg, This guy was the actual mayor during 9/11, funny, awesome
https://i.imgur.com/RXYHnV5.jpg, Savage, funny, 
https://i.imgur.com/V5mbO3S.jpg, Sweet Memes are made of These - 45th dumperoo, funny, 
https://i.imgur.com/k2RVkMh.jpg, Relationship Dump (15), funny, 
https://i.imgur.com/qmgFGQa.jpg, Fantasy what, funny, 
https://i.imgur.com/Lj7mpvf.jpg, Streamer thinks his mic is off and wishes his cat goodnight, funny, 
https://i.imgur.com/ObV6MZR.jpg, Loved this show., funny, 
https://i.imgur.com/v66VXvD.jpg, An overview of the Celestials.. Supreme Beings.. and Cosmic Entities, funny, 
https://i.imgur.com/uq2dNIT.jpg, Double fail fountain, funny, 
https://i.imgur.com/DkJnRLs.jpg, Go-go-go!, funny, 
https://i.imgur.com/PH0l4mh.jpg, It’s quite the mouthful! , funny, 
https://i.imgur.com/NpbtwZ5.jpg, Speed Demons , funny, 
https://i.imgur.com/3hJ5lc4.jpg, Well Damn!, funny, awesome
https://i.imgur.com/qDleso8.jpg, Sorry little one., funny, 
https://i.imgur.com/0h120yS.jpg, We know what we're doing, funny, 
https://i.imgur.com/bOqgbmg.jpg, He married his best friend <3, funny, 
https://i.imgur.com/bKKLWip.jpg, BoJack Horseman, funny, awesome
https://i.imgur.com/TWDkj78.jpg, Public dump zone, funny, 
https://i.imgur.com/Dql8HTs.jpg, Thug life, funny, awesome
https://i.imgur.com/LvY78Q0.jpg, The Beatles had a great sense of humour, funny, 
https://i.imgur.com/LaJI241.jpg, Phone Dump, funny, 
https://i.imgur.com/JIxHgLD.jpg, I never noticed, funny, 
https://i.imgur.com/pnKSVUP.jpg, Rejection, funny, 
https://i.imgur.com/HYZvpYX.jpg, Funny Trash Panda, funny, 
https://i.imgur.com/5rtXe30.jpg, wiggle wiggle wiggle wiggle, funny, aww
https://i.imgur.com/NeVXvjr.jpg, Wow, funny, 
https://i.imgur.com/yGeuVNv.jpg, "Oh yeah.. let me get that juicy...... no shit no.. no.. get off me", funny, 
https://i.imgur.com/HVD5Tim.jpg, If y'all don't dont at least get a little bit sweaty when cap pulls in that helicopter in winter solider then you're lying, funny, 
https://i.imgur.com/6wqs96u.jpg, He couldn’t find love in a cave so..., funny, 
https://i.imgur.com/cJmWJER.jpg, Post title here, funny, 
https://i.imgur.com/Qv9PLfp.jpg, Best respons imaginable, funny, 
https://i.imgur.com/AGYKihX.jpg, Giant Chicken Tenders In Hawaii Right Now, funny, awesome
https://i.imgur.com/gsn5qcm.jpg, furget me not, funny, 
https://i.imgur.com/st5j6mn.jpg, kids are so innocent, funny, 
https://i.imgur.com/l1jgAHZ.jpg, Just a quick reminder for Imgurians., funny, 
https://i.imgur.com/k96TgL9.jpg, MRW someone asks if I'm still a Dapper Dan man, funny, 
https://i.imgur.com/Tg2wtkF.jpg, Dennis Reynolds: Psychopath, funny, 
https://i.imgur.com/5r4yMDc.jpg, This is a real tweet from Denny’s , funny, 
https://i.imgur.com/8b2HyXA.jpg, Just thinking of it pains me , funny, 
https://i.imgur.com/8iiO2W2.jpg, Who want some grapes?, funny, 
http://i.imgur.com/mvikVYhh.gif, Newf plays hide-and-seek. He's not very good., funny, aww
https://i.imgur.com/3zEBjSW.jpg, First Dump, funny, 
https://i.imgur.com/i55zeWW.jpg, Hello darkness my old friend , funny, 
https://i.imgur.com/ER75TwM.jpg, THE REACTION , funny, reaction
